mouse_line,founder_allele,allele_reduced,cluster
CC001,E,1,A
CC007,A,0,A
CC011,E,1,A
CC016,A,0,A
CC028,E,1,A
CC030,F,1,A
CC031,B,1,A
CC043,C,1,A
CC017,A,0,B
CC034,H,1,B
CC037,D,1,B
CC044,H,1,B
CC045,B,1,B
CC046,D,1,B
CC008,C,1,C
CC022,E,1,C
CC033,H,1,C
CC035,E,1,C
CC047,B,1,C
CC056,E,1,C
CC057,H,1,C
CC006,C,1,D
CC010,C,1,D
CC012,E,1,D
CC013,C,1,D
CC021,B,1,D
CC025,D,1,D
CC051,A,0,D
CC059,A,0,D
CC061,B,1,D
CC003,E,1,E
CC004,A,0,E
CC005,C,1,E
CC009,B,1,E
CC015,F,1,E
CC018,C,1,E
CC024,B,1,E
CC032,F,1,E
CC039,H,1,E
CC002,A,0,F
CC017,A,0,F
CC019,F,1,F
CC023,C,1,F
CC038,C,1,F
CC040,C,1,F
CC041,H,1,F
CC042,B,1,F
CC065,F,1,F
CC027,D,1,NA
CC029,A,0,NA
CC055,F,1,NA
CC060,D,1,NA
CC068,D,1,NA
